DROP DATABASE MolIntXS_11_Apr;
CREATE DATABASE IF NOT EXISTS MolIntXS_11_Apr;

use MolIntXS_11_Apr;

CREATE TABLE `interaction` (
	`interaction_id` INT NOT NULL AUTO_INCREMENT,
	`interactor_1` INT NOT NULL,
	`interactor_2` INT NOT NULL,
	`doi` VARCHAR(255) NOT NULL,
	`source_db_id` INT NOT NULL,
	`import_timestamp` TIMESTAMP NOT NULL,
	PRIMARY KEY (`interaction_id`),
	UNIQUE KEY `interaction_int1_int2_doi_db` (`interactor_1`,`interactor_2`,`doi`, `source_db_id`)
);

CREATE TABLE `predicted_interactor` (
	`predicted_interaction_id` INT NOT NULL AUTO_INCREMENT,
	`curated_interactor_id` INT NOT NULL,
	`interactor_type` ENUM('protein','gene','mRNA','synthetic') NOT NULL,
	`prediction_method_id` INT NOT NULL,
	`curies` VARCHAR(255),
	`name` VARCHAR(255) NOT NULL,
	`molecular_structure` VARCHAR(10000) ,
	`predicted_timestamp` TIMESTAMP NOT NULL,
	`ensembl_gene_id` INT NOT NULL,
	PRIMARY KEY (`predicted_interaction_id`)
);

CREATE TABLE `ensembl_gene` (
	`ensembl_gene_id` INT NOT NULL AUTO_INCREMENT,
	`species_id` INT NOT NULL,
	`ensembl_stable_id` VARCHAR(255),
	`import_timestamp` TIMESTAMP NOT NULL,
	PRIMARY KEY (`ensembl_gene_id`)
);

CREATE TABLE `curated_interactor` (
	`curated_interactor_id` INT NOT NULL AUTO_INCREMENT,
	`interactor_type` ENUM('protein','gene','mRNA','synthetic') NOT NULL,
	`curies` VARCHAR(255) UNIQUE,
	`name` VARCHAR(255),
	`molecular_structure` VARCHAR(10000) ,
	`import_timestamp` TIMESTAMP NOT NULL,
	`ensembl_gene_id` INT NOT NULL,
	PRIMARY KEY (`curated_interactor_id`)
);

CREATE TABLE `species` (
	`species_id` INT NOT NULL AUTO_INCREMENT,
	`ensembl_division` varchar(255) NOT NULL,
	`production_name` varchar(255) NOT NULL,
	`taxon_id` INT NOT NULL UNIQUE,
	PRIMARY KEY (`species_id`)
);

CREATE TABLE `key_value_pair` (
	`key_value_id` INT NOT NULL AUTO_INCREMENT,
    `interaction_id` INT NOT NULL,
	`meta_key_id` INT NOT NULL,
	`value` varchar(255) NOT NULL,
	`ontology_term_id` INT,
	PRIMARY KEY (`key_value_id`),
    UNIQUE KEY `key_value_pair_interaction_metakey_val` (`interaction_id`,`meta_key_id`,`value`)
);

CREATE TABLE `ontology` (
	`ontology_id` INT NOT NULL AUTO_INCREMENT,
	`name` VARCHAR(255) NOT NULL UNIQUE,
	`description` varchar(255) NOT NULL UNIQUE,
	PRIMARY KEY (`ontology_id`)
);

CREATE TABLE `source_db` (
	`source_db_id` INT NOT NULL AUTO_INCREMENT,
	`label` varchar(255) NOT NULL,
	`external_db` VARCHAR(255) NOT NULL,
	PRIMARY KEY (`source_db_id`)
);

CREATE TABLE `meta_key` (
	`meta_key_id` INT NOT NULL AUTO_INCREMENT,
	`name` VARCHAR(255) NOT NULL UNIQUE,
	`description` VARCHAR(255) NOT NULL UNIQUE,
	PRIMARY KEY (`meta_key_id`)
);

CREATE TABLE `prediction_method` (
	`prediction_method_id` INT NOT NULL AUTO_INCREMENT,
	`name` VARCHAR(255) NOT NULL,
	`parameters` VARCHAR(255) NOT NULL,
	PRIMARY KEY (`prediction_method_id`)
);

CREATE TABLE `ontology_term` (
	`ontology_term_id` INT NOT NULL AUTO_INCREMENT,
	`ontology_id` INT NOT NULL,
	`accession` VARCHAR(255) NOT NULL UNIQUE,
	`description` VARCHAR(255) NOT NULL UNIQUE,
	PRIMARY KEY (`ontology_term_id`)
);

ALTER TABLE `interaction` ADD CONSTRAINT `interaction_fk0` FOREIGN KEY (`interactor_1`) REFERENCES `curated_interactor`(`curated_interactor_id`);

ALTER TABLE `interaction` ADD CONSTRAINT `interaction_fk1` FOREIGN KEY (`interactor_2`) REFERENCES `curated_interactor`(`curated_interactor_id`);

ALTER TABLE `interaction` ADD CONSTRAINT `interaction_fk2` FOREIGN KEY (`source_db_id`) REFERENCES `source_db`(`source_db_id`);

ALTER TABLE `predicted_interactor` ADD CONSTRAINT `predicted_interactor_fk0` FOREIGN KEY (`curated_interactor_id`) REFERENCES `curated_interactor`(`curated_interactor_id`);

ALTER TABLE `predicted_interactor` ADD CONSTRAINT `predicted_interactor_fk1` FOREIGN KEY (`prediction_method_id`) REFERENCES `prediction_method`(`prediction_method_id`);

ALTER TABLE `predicted_interactor` ADD CONSTRAINT `predicted_interactor_fk2` FOREIGN KEY (`ensembl_gene_id`) REFERENCES `ensembl_gene`(`ensembl_gene_id`);

ALTER TABLE `ensembl_gene` ADD CONSTRAINT `ensembl_gene_fk0` FOREIGN KEY (`species_id`) REFERENCES `species`(`species_id`);

ALTER TABLE `curated_interactor` ADD CONSTRAINT `curated_interactor_fk0` FOREIGN KEY (`ensembl_gene_id`) REFERENCES `ensembl_gene`(`ensembl_gene_id`);

ALTER TABLE `key_value_pair` ADD CONSTRAINT `key_value_pair_fk0` FOREIGN KEY (`interaction_id`) REFERENCES `interaction`(`interaction_id`);

ALTER TABLE `key_value_pair` ADD CONSTRAINT `key_value_pair_fk1` FOREIGN KEY (`meta_key_id`) REFERENCES `meta_key`(`meta_key_id`);

ALTER TABLE `key_value_pair` ADD CONSTRAINT `key_value_pair_fk2` FOREIGN KEY (`ontology_term_id`) REFERENCES `ontology_term`(`ontology_term_id`);

ALTER TABLE `ontology_term` ADD CONSTRAINT `ontology_term_fk0` FOREIGN KEY (`ontology_id`) REFERENCES `ontology`(`ontology_id`);




INSERT INTO species VALUES(1,"fungi","Ustilago maydis",5270);
INSERT INTO species VALUES(2,"plants","Zea mays",4577);
INSERT INTO species VALUES(3,"protists","Phytophthora infestans",4787);
INSERT INTO species VALUES(4,"plants","Solanum lycopersicum",4081);
INSERT INTO species VALUES(5,"protists","Hyaloperonospora arabidopsidis",272952);
INSERT INTO species VALUES(6,"plants","Arabidopsis thaliana",3702);
INSERT INTO species VALUES(7,"fungi","Puccinia striiformis",27350);
INSERT INTO species VALUES(8,"plants","Triticum aestivum",4565);
INSERT INTO species VALUES(9,"fungi","Parastagonospora nodorum",13684);

INSERT INTO ensembl_gene VALUES(1,1,"UMAG_01375","2022-04-11 13:23:56");
INSERT INTO ensembl_gene VALUES(2,2,"Zm00001eb314220","2022-04-11 13:23:56");
INSERT INTO ensembl_gene VALUES(3,3,"PITG_22681","2022-04-11 13:23:56");
INSERT INTO ensembl_gene VALUES(4,4,"Solyc08g079870.2","2022-04-11 13:23:56");
INSERT INTO ensembl_gene VALUES(5,3,"{PITG_12129","2022-04-11 13:23:56");
INSERT INTO ensembl_gene VALUES(6,5,"{HpaG814111","2022-04-11 13:23:56");
INSERT INTO ensembl_gene VALUES(7,6,"AT4G02150","2022-04-11 13:23:56");
INSERT INTO ensembl_gene VALUES(8,5,"HpaG808319","2022-04-11 13:23:56");
INSERT INTO ensembl_gene VALUES(9,6,"At5g12230","2022-04-11 13:23:56");
INSERT INTO ensembl_gene VALUES(10,5,"HpaG801867","2022-04-11 13:23:57");
INSERT INTO ensembl_gene VALUES(11,6,"AT3G44480","2022-04-11 13:23:57");
INSERT INTO ensembl_gene VALUES(12,1,"UMAG_05731","2022-04-11 13:23:57");
INSERT INTO ensembl_gene VALUES(13,2,"Zm00001d013945","2022-04-11 13:23:57");
INSERT INTO ensembl_gene VALUES(14,7,"PSTG_12806","2022-04-11 13:23:57");
INSERT INTO ensembl_gene VALUES(15,8,"TraesCS2D02G214700","2022-04-11 13:23:57");
INSERT INTO ensembl_gene VALUES(16,9,"SNOG_20078","2022-04-11 13:23:57");
INSERT INTO ensembl_gene VALUES(17,8,"TraesCS1B02G004100","2022-04-11 13:23:57");

INSERT INTO curated_interactor VALUES (1,"protein","prot:A0A0D1EAR7","EAK81878; Ensembl: UMAG_01375","MLFRSAFVLLIVAFASACLVQHVQAKQIPVRRSLSTDASMSSAAGKLNRRWWFGFTGSLGKEPDNGQVQIKIIPDALIIKNPPANKDDLNKLIENLKRKHPRFKTVVMPTDPNGDVVIWE","2022-04-11 13:23:56",1);
INSERT INTO curated_interactor VALUES (2,"protein","prot:Q10717","Uniprot: Q10717; Genbank: np 001105479; Ensembl: Zm00001eb314220","MVPRRLFVLAVVVLADTAAVVNSGFADSNPIRPVTDRAASALESTVFAALGRTRDALRFARFAVRYGKSYESAAEVHKRFRIFSESLQLVRSTNRKGLSYRLGINRFADMSWEEFRATRLGAAQNCSATLTGNHRMRAAAVALPETKDWREDGIVSPVKNQGHCGSCWTFSTTGALEAAYTQATGKPISLSEQQLVDCGFAFNNFGCNGGLPSQAFEYIKYNGGLDTEESYPYQGVNGICKFKNENVGVKVLDSVNITLGAEDELKDAVGLVRPVSVAFEVITGFRLYKSGVYTSDHCGTTPMDVNHAVLAVGYGVEDGVPYWLIKNSWGADWGDEGYFKMEMGKNMCGVATCASYPIVA","2022-04-11 13:23:56",2);
INSERT INTO curated_interactor VALUES (3,"protein","prot:Q6PQH2","AY586273; Ensembl: PITG_22681","MKSALLFTLVVAAVHAQSPQVISPAPRRESNEIDCPEYCLDVYDPVGDGEGNTYSNECYMKRAKCHNETTPPAWKDLVLITGSSTGEQPPSKKCSTVCPDVELPVCGSNRVRYGNPCELRIAACEHPELNIVEDSGKACVGSKVTPQEG","2022-04-11 13:23:56",3);
INSERT INTO curated_interactor VALUES (4,"protein","prot:O04678","Uniprot: O04678; Genbank: CAA76725; Ensembl: Solyc08g079870.2","MGLLKILLVFIFCSFQWPTIQSNLETYIVHVESPESLVTTQSLLTDLGSYYLSFLPKTATTISSSGNEEAATMIYSYHNVMTGFAARLTAEQVKEMEKKHGFVSAQKQRILSLHTTHTPSFLGLQQNMGVWKDSNYGKGVIIGVIDTGIIPDHPSFSDVGMPPPPAKWKGVCESNFTNKCNNKLIGARSYQLGNGSPIDSIGHGTHTASTAAGAFVKGANVYGNADGTAVGVAPLAHIAIYKVCNSVGCSESDVLAAMDSAIDDGVDILSMSLSGGPIPFHRDNIAIGAYSATERGILVSCSAGNSGPSFITAVNTAPWILTVGASTLDRKIKATVKLGNGEEFEGESAYRPKISNATFFTLFDAAKNAKDPSETPYCRRGSLTDPAIRGKIVLCSALGHVANVDKGQAVKDAGGVGMIIINPSQYGVTKSADAHVLPALVVSAADGTKILAYMNSTSSPVATIAFQGTIIGDKNAPMVAAFSSRGPSRASPGILKPDIIGPGANILAAWPTSVDDNKNTKSTFNIISGTSMSCPHLSGVAALLKCTHPDWSPAVIKSAMMTTADTLNLANSPILDERLLPADIYAIGAGHVNPSRANDPGLVYDTPFEDYVPYLCGLKYTDQQVGNLIQRRVNCSEVKSILEAQLNYPSFSIFGLGSTPQTYTRTVTNVGDATSSYKVEVASPEGVAIEVEPSELNFSELNQKLTYQVTFSKTTNSSNPEVIEGFLKWTSNRHSVRSPIAVVSA","2022-04-11 13:23:56",4);
INSERT INTO curated_interactor VALUES (5,"protein","prot:D0NJ41","AY586282; Ensembl: PITG_12129","MKSAFTLSLALVAVTATISAAADDNCSFGCLDVYKPVCGSNGETYSNSCYLRLASCKSNNGITEAGDGECASTPASSATPSPVTSSTGSTSGTVGCPDMCLDVYDPVSDENGKEYSNQCYMEMAKCKGTGYDDNKRSGNPGISTLDAERKLAFAPGYQGPPCGDMLCPDNYAPVCGSDGETYPNECDLGITSCNHPEQNITMVGEGTLPVTGAATATATATAEVVTRW","2022-04-11 13:23:56",5);
INSERT INTO curated_interactor VALUES (6,"protein","prot:G3C9R4","CCC55840; Ensembl: HpaG814111","MSVRYAGLLLAAVAVSAHINEVNSIVFPGSLHIDNRNGHVQRDLRSADNGNEERNAILETLSNHLASAFGYLWTKEAQEMTNSAWSALRNKESSLPLYSEGVAREYIETAALNTLTAEHRLARAEAYMVSMIVALRGVENPESLRNSADNLQQFLINVWKTGKKQPAQVFELLEHVPYEEGNASLVNDSKFAIWMAYMGKTFDHQFKNWADVQHNEQLRIEGDKEKKGGPDYVEGTESRGKKRGQTEAPDLEPGLTPKQKRLKRMELQRVKKILLNINLMGIGRS","2022-04-11 13:23:56",6);
INSERT INTO curated_interactor VALUES (7,"protein","prot:O04294","Uniprot: O04294; Ensembl: AT4G02150","MSLRPSAKTEVRRNRYKVAVDAEEGRRRREDNLVEIRKNKREENLQKKRFTSSMAFGSATGQTEQDLSSANQLKDNLPAMVAGIWSEDSNSQLEATNLLRKLLSIEQNPPINEVVQSGVVPRVVKFLSRDDFPKLQFEAAWALTNIASGTSENTNVIIESGAVPIFIQLLSSASEDVREQAVWALGNVAGDSPKCRDLVLSYGAMTPLLSQFNENTKLSMLRNATWTLSNFCRGKPPPAFEQTQPALPVLERLVQSMDEEVLTDACWALSYLSDNSNDKIQAVIEAGVVPRLIQLLGHSSPSVLIPALRTIGNIVTGDDLQTQMVLDQQALPCLLNLLKNNYKKSIKKEACWTISNITAGNADQIQAVIDAGIIQSLVWVLQSAEFEVKKEAAWGISNATSGGTHDQIKFMVSQGCIKPLCDLLTCPDLKVVTVCLEALENILVVGEAEKNLGHTGEDNLYAQMIDEAEGLEKIENLQSHDNNDIYDKAVKILETFWTEDNEEEGNDENHAPQSGFQFGSTNVPPGQFNFI","2022-04-11 13:23:56",7);
INSERT INTO curated_interactor VALUES (8,"protein","prot:M4BPI0","CCC55817; Ensembl: HpaG808319","MCIQYVALVAAATVAASTHGLEVVPDPVKFSLLQATAETGHQADVDGKINRFLTSKDADLPHLVAPAGYAPSLLQKGGIGRYLRSTGVDDADLEERRGWHKHHKKHKKHKRKHHHHAHESSDSL","2022-04-11 13:23:56",8);
INSERT INTO curated_interactor VALUES (9,"protein","prot:Q9FMP0","Uniprot: Q9FMP0; Ensembl: At5g12230","MEPERLKFGGPRELCGAADLISQFKLVQHHEFFCKKSLPVSLSDSHYLHNVVGDTEIRKGEGMQLDQLIESISQSRETNIRIQPFDIDELQESFQLNDMTPVELPPAEKGAPTIPSKSKSESKDRDRKHKKHKDRDKDKDREHKKHKHKHKDRSKDKDKDKDRDRKKDKNGHHDSGDHSKKHHDKKRKHDGDEDLNDVQRHKKNKHKSSKLDEVGAIRVAG","2022-04-11 13:23:56",9);
INSERT INTO curated_interactor VALUES (10,"protein","prot:Q4VKJ6","gi61660946; Ensembl: HpaG801867","MRVCYFVLVPSVALAVIATESSETSGTIVHVFPLRDVADHRNDALINRALRAQTALDDDEERWPFGPSAVEALIETIDRHGRVSLNDEAKMKKVVRTWKKLIERDDLIGEIGKHYFEAPGPLHDTYDEALATRLVTTYSDRGVARAILHTRPSDPLSKKAGQAHRLEEAVASLWKGRGYTSDNVVSSIATGHDVDFFAPTAFTFLVKCVESEDDANNAIFEYFGSNPSRYFSAVLHAMEKPDADSRVLESSKKWMFQCYAQKQFPTPVFERTLAAYQSEDYAIRGARNHYEKLSLSQIEELVEEYSRIYSV","2022-04-11 13:23:57",10);
INSERT INTO curated_interactor VALUES (11,"protein","prot:F4J339","Uniprot: F4J339; Genbank: gi3860164; Ensembl: AT3G44480","MGSVMSLGCSKRKATNQDVDSESRKRRKICSTNDAENCRFIQDESSWKHPWSLCANRVISVAAVALTNFRFQQDNQESNSSSLSLPSPATSVSRNWKHDVFPSFHGADVRRTFLSHIMESFRRKGIDTFIDNNIERSKSIGPELKEAIKGSKIAIVLLSRKYASSSWCLDELAEIMKCRQMVGQIVMTIFYEVDPTDIKKQTGEFGKAFTKTCRGKPKEQVERWRKALEDVATIAGYHSHSWRNEADMIEKISTDVSNMLNSFTPSRDFDGLVGMRAHMDMLEQLLRLDLDEVRMIGIWGPPGIGKTTIARFLFNQVSDRFQLSAIMVNIKGCYPRPCFDEYSAQLQLQNQMLSQMINHKDIMISHLGVAQERLRDKKVFLVLDEVDQLGQLDALAKETRWFGPGSRIIITTEDLGVLKAHGINHVYKVEYPSNDEAFQIFCMNAFGQKQPHEGFDEIAWEVTCLAGELPLGLKVLGSALRGKSKREWERTLPRLKTSLDGKIGSIIQFSYDVLCDEDKYLFLYIACLFNGESTTKVKELLGKFLDVKQGLHLLAQKSLISFDGERIHMHTLLEQFGRETSRKQFVHHGFTKRQLLVGARGICEVLDDDTTDSRRFIGIHLELSNTEEELNISEKVLERVHDFHFVRIDASFQPERLQLALQDLIYHSPKIRSLNWYGYESLCLPSTFNPEFLVELDMRSSNLRKLWEGTKQLRNLKWMDLSYSSYLKELPNLSTATNLEELKLRNCSSLVELPSSIEKLTSLQILDLENCSSLEKLPAIENATKLRELKLQNCSSLIELPLSIGTATNLKQLNISGCSSLVKLPSSIGDITDLEVFDLSNCSSLVTLPSSIGNLQNLCKLIMRGCSKLEALPININLKSLDTLNLTDCSQLKSFPEISTHISELRLKGTAIKEVPLSIMSWSPLADFQISYFESLMEFPHAFDIITKLHLSKDIQEVPPWVKRMSRLRDLSLNNCNNLVSLPQLSDSLDYIYADNCKSLERLDCCFNNPEIRLYFPKCFKLNQEARDLIMHTCIDAMFPGTQVPACFIHRATSGDSLKIKLKESPLPTTLRFKACIMLVKVNEELMSYDQTPMIVDIVIRDEHNDLKEKIYPSIYPSIYPLLTEHIYTFELDVEEVTSTELVFEFPQLNKRNWKIGECGILQRETRSLRRSSSPDLSPESSRVSSYDHCLRGD","2022-04-11 13:23:57",11);
INSERT INTO curated_interactor VALUES (12,"protein","prot:A0A0D1DWQ2","Ensembl: UMAG_05731","MKLSVSIFVLLAVSAFGGGSAAAVSGKSEAAEIEAGDRLDALRDQLQRYETPIIQTILARSALGGRAPSEQDEVRAALSRNAFEPSEVISEWLQTESGARFRSTRPLPPAVEFITPVVLSRDTVLDKPVVGKGIFPIGRRPQDPTNMDEFLDTSLLSLNQSSTVDLASAVSLDVSLLHLVSARVLLGYPIALAKFDWLHDNFCHILTNTTLSKSQKLANIIQQLTDHKQEVNVLSRVEQKSKSLSHLFRNDIPYPPHTQDRILRLFQAYLIPITTQIEAAAILDHANKCT","2022-04-11 13:23:57",12);
INSERT INTO curated_interactor VALUES (13,"protein","prot:A0A1D6GNR3","Uniprot: A0A1D6GNR3; Ensembl:Zm00001d013945","MATVGGNRALYAVVALPLLATLLHGPMRLSHAFPYRSLLQTCQPSGSIQGRSGNCNTENGSECCKNGRRYTTYGCSPPVTGSTRAVLTLNSFAEGGDGGGAAACTGKFYDDSKKVVALSTGWYNGGSRCRKHIMIHAGNGNSVSALVVDECDSTVGCDKDHNFEPPCRNNIVDGSPAVWDALGLNKDDGQAQITWSDE","2022-04-11 13:23:57",13);
INSERT INTO curated_interactor VALUES (14,"protein","prot:A0A0L0V3D9","Ensembl: PSTG_12806","MLRLNIYTAILSIIVFQVVAARDTPPLLAKRSVLGLNFCLARNNLEGCRGGDQGCCANFCHSHRVMIETEAAQQFCNPGKPIEKTPDPEPKPTPPPPPPAPIPTVVQVPPPPVYQVGPPPPVYYTQAPPPVAYSPYTPAPVLVQAH","2022-04-11 13:23:57",14);
INSERT INTO curated_interactor VALUES (15,"protein","prot:Q7X9A6","Uniprot: Q7X9A6; Ensembl: TraesCS2D02G214700","MASTALSTASNPTQLCRTRASSLCKPVKGLGFGRERIPRNITCMAGSISADRVPDMSKRELMNLLLLGAISLPTFGMLVPYGSFLVPAGSGSNAGGVAAKDKLGNDILVEDWLKTHGPNDRTLAQGLKGDPTYLVVESDKTLATYGINAVCTHLGCVVPWNAAENKFLCPCHGSQYNNQGKVVRGPAPLSLALVHADVDDGKVVFVPWVETDFRTGDNPWWK","2022-04-11 13:23:57",15);
INSERT INTO curated_interactor VALUES (16,"protein","prot:A9JX75","Ensembl: SNOG_20078","MKLTMVLSVAFATLTFANEGILTFEGLGLARRQTICHTPGGSGCRASISGDQCCCTSCTPEDCSDLCKNGKQAAHEAQKQKKCAKCCNAGGESHELCCSIASAGIDCNPCTAGLRMC","2022-04-11 13:23:57",16);
INSERT INTO curated_interactor VALUES (17,"protein","prot:W5AB81","Uniprot: W5AB81; Ensembl: TraesCS1B02G004100","MSTPNSQFHSHPLLRLWLPVIQLVILAAAAEQQQGCRDKCGHISIPFPFGIGRGCFRHGFEVVCNDSSYPPRAFLAGKRISRLSSSPLDPENGSDWSFSSIELVSISVATGKARVYAPVSYLCSTNLNRTFSAIYNIHLAHTPFAVSATRNILVGVGWRVDAFVTFIDFPLRWPYTVMFACSARARNLLPSVTPTNGSCTGRGCCHTTIPPDNNLGNLLSFSVKGEVPNERWEDYPCSYAMLVDKSWYNFSTPDMEGNRTLLKRFPRGVHIALDFAAGNTSCPAKGQPPPPDYACISGNSSCANSTHTPGYICKCWDHYAGNPYITHGCQDIDECKLPHVYPCSNGGICKNRLGGYDCPCKFGMKGDGKAGTCSDIFTPAAKAAVGAIGGILLMAVLSFLLILHKEKKKTEEFYKKNGGPTLEKADVIKLFKKGELKPILRSSNLIGKGYFGEVYKGLLDNKLVAIKKPINGSVLESEQFANEVIIQSRVIHKNIVRLIGCCLEVDAPMLVYEFISQGSLLDILHNSNNKVALNLDTRLSIAAQSADGLAYMHSKTNSTILHGDVKPANILLDDNFVPKISDFGISKLIQRDKQHTGQVIGDMNYMDPVYLQEGRLTEKSDVYSFGIVILELISRRRAIHSENNSLVKGFLEAHKKQKKTTEFYDKEIAITKDLELLDSLADIVVECLSLDVDQRPTMMEVAEQLLVLGRSRKA","2022-04-11 13:23:57",17);

INSERT INTO source_db  VALUES (1,"PHI-base","Pathogen-Host Interactions Database that catalogues experimentally verified pathogenicity.");
INSERT INTO ontology VALUES(1,"PHI-DUMMY","Toy ontology for coding/debug purpouses. DELETE ME");
INSERT INTO ontology VALUES(2,"PHI-base","Expertly curated molecular and biological information on genes proven to affect the outcome of pathogen-host interactions");


INSERT INTO ontology_term VALUES(1,2,"PHI-DUMMY:1000000","interaction_phenotype");
INSERT INTO ontology_term VALUES(2,2,"PHI-DUMMY:1000001","disease_name");
INSERT INTO ontology_term VALUES(3,2,"PHI-DUMMY:1000002","patho_protein_modification");
INSERT INTO ontology_term VALUES(4,2,"PHI-DUMMY:1000003","host_protein_modification");
INSERT INTO ontology_term VALUES(5,2,"PHI-DUMMY:1000004","experimental_evidence");
INSERT INTO ontology_term VALUES(6,2,"PHI-DUMMY:1000005","transient_assay_exp_ev");
INSERT INTO ontology_term VALUES(7,2,"PHI-DUMMY:1000006","host_response_to_pathogen");
INSERT INTO ontology_term VALUES(8,2,"PHI-DUMMY:2000001","interaction (positive co-IP)");
INSERT INTO ontology_term VALUES(9,2,"PHI-DUMMY:2000002","Smut Disease");
INSERT INTO ontology_term VALUES(10,2,"PHI-DUMMY:2000003","E. coli expressed GST-Pit2");
INSERT INTO ontology_term VALUES(11,2,"PHI-DUMMY:2000004","functional test in host: transient expression");
INSERT INTO ontology_term VALUES(12,2,"PHI-DUMMY:2000005","Agrobacterium-mediated co-expression by infiltration, followed by co-IP");
INSERT INTO ontology_term VALUES(13,2,"PHI-DUMMY:2000006","positive co-IP");
INSERT INTO ontology_term VALUES(14,2,"PHI-DUMMY:2000007","Late Blight");
INSERT INTO ontology_term VALUES(15,2,"PHI-DUMMY:2000008","rEPI1 (expressed in E. coli, affinity purified rEPI1 as a fusion protein with the FLAG tag at the N terminus)");
INSERT INTO ontology_term VALUES(16,2,"PHI-DUMMY:2000009","Co-IP experiment. rEPI1 incubated with isolated intercellular tomato fluids. Anti-FLAG resin to bind rEPI1 and ppt protein complex. Western blot bands identified with anti-P69 and anti-FLAG.");
INSERT INTO ontology_term VALUES(17,2,"PHI-DUMMY:2000010","Co-IP experiment. rEPI10 incubated with isolated intercellular tomato fluids. Anti-FLAG resin to bind rEPI10 and ppt protein complex. Western blot bands identified with anti-P69 and anti-FLAG.");
INSERT INTO ontology_term VALUES(18,2,"PHI-DUMMY:2000011","Downy Mildew Of Arabidopsis");
INSERT INTO ontology_term VALUES(19,2,"PHI-DUMMY:2000012","HS-HaRxL106");
INSERT INTO ontology_term VALUES(20,2,"PHI-DUMMY:2000013","coinfiltration in Nb, 48h MOS-GFP IP-ed and co-purifying HS-tagged proteins detected by anti-HA Western blot");
INSERT INTO ontology_term VALUES(21,2,"PHI-DUMMY:2000014","positive co-IP with proteasome inhibitor to prevent GFP-MED19a degradation when HA-HaRxL44 present");
INSERT INTO ontology_term VALUES(22,2,"PHI-DUMMY:2000015","HA-HaRxL44");
INSERT INTO ontology_term VALUES(23,2,"PHI-DUMMY:2000016","co-expression of transgenes in Nb leaves delivered by Agrobacterium tumefaciens");
INSERT INTO ontology_term VALUES(24,2,"PHI-DUMMY:2000017","ATR1delta51-Emoy2-Citrine (lacking signal peptide and RXLR motif)");
INSERT INTO ontology_term VALUES(25,2,"PHI-DUMMY:2000018","Agrobacterium-mediated co-expression by infiltration, tissue collected ~20-24 h post infiltration, co-IP with anti-GFP to ppt ATR1delta51Citrine, Immunoblot detection of RPP1-WsB with Anti-HA. Parallel IP with anti-HA and immuno blot detection with anti-G");
INSERT INTO ontology_term VALUES(26,2,"PHI-DUMMY:2000019","hypersensitive response (~20-24 h post infiltration)");
INSERT INTO ontology_term VALUES(27,2,"PHI-DUMMY:2000020","Co-IP experiment in Nb.");
INSERT INTO ontology_term VALUES(28,2,"PHI-DUMMY:2000021","positive Y2H");
INSERT INTO ontology_term VALUES(29,2,"PHI-DUMMY:2000022","other");
INSERT INTO ontology_term VALUES(30,2,"PHI-DUMMY:2000023","Y2H");

INSERT INTO meta_key VALUES(1,"interaction_phenotype","interaction phenotype/ disease outcome");
INSERT INTO meta_key VALUES(2,"disease_name","name of disease");
INSERT INTO meta_key VALUES(3,"patho_protein_modification","protein modification in the pathogen interactor");
INSERT INTO meta_key VALUES(4,"host_protein_modification","protein modification in the host interactor");
INSERT INTO meta_key VALUES(5,"experimental_evidence","experimental evidence");
INSERT INTO meta_key VALUES(6,"transient_assay_exp_ev","transient experimental evidence");
INSERT INTO meta_key VALUES(7,"host_response_to_pathogen","host response to the pathogen");


INSERT INTO interaction VALUES(1,1,2,"10.1371/journal.ppat.1003177",1,"2022-04-11 13:23:56");
INSERT INTO interaction VALUES(2,3,4,"10.1074/jbc.M400941200",1,"2022-04-11 13:23:56");
INSERT INTO interaction VALUES(3,5,4,"10.1104/pp.105.061226",1,"2022-04-11 13:23:56");
INSERT INTO interaction VALUES(4,6,7,"10.1111/tpj.12691",1,"2022-04-11 13:23:56");
INSERT INTO interaction VALUES(5,8,9,"10.1371/journal.pbio.1001732",1,"2022-04-11 13:23:56");
INSERT INTO interaction VALUES(6,10,11,"10.1105/tpc.110.075358",1,"2022-04-11 13:23:57");
INSERT INTO interaction VALUES(7,12,13,"10.1038/s41586-018-0857-9",1,"2022-04-11 13:23:57");
INSERT INTO interaction VALUES(8,14,15,"10.1038/s41467-019-13487-6",1,"2022-04-11 13:23:57");
INSERT INTO interaction VALUES(9,16,17,"https://doi.org/10.1126/sciadv.1600822",1,"2022-04-11 13:23:57");

INSERT INTO key_value_pair VALUES(1,1,1,"interaction (positive co-IP)",NULL);
INSERT INTO key_value_pair VALUES(2,1,2,"Smut Disease",NULL);
INSERT INTO key_value_pair VALUES(3,1,3,"E. coli expressed GST-Pit2",NULL);
INSERT INTO key_value_pair VALUES(4,1,5,"functional test in host: transient expression",NULL);
INSERT INTO key_value_pair VALUES(5,1,6,"Agrobacterium-mediated co-expression by infiltration, followed by co-IP",NULL);
INSERT INTO key_value_pair VALUES(6,1,7,"no data found",NULL);
INSERT INTO key_value_pair VALUES(7,2,1,"positive co-IP",NULL);
INSERT INTO key_value_pair VALUES(8,2,2,"Late Blight",NULL);
INSERT INTO key_value_pair VALUES(9,2,3,"rEPI1 (expressed in E. coli, affinity purified rEPI1 as a fusion protein with the FLAG tag at the N terminus)",NULL);
INSERT INTO key_value_pair VALUES(10,2,5,"functional test in host: transient expression",NULL);
INSERT INTO key_value_pair VALUES(11,2,6,"Co-IP experiment. rEPI1 incubated with isolated intercellular tomato fluids. Anti-FLAG resin to bind rEPI1 and ppt protein complex. Western blot bands identified with anti-P69 and anti-FLAG.",NULL);
INSERT INTO key_value_pair VALUES(12,2,7,"no data found",NULL);
INSERT INTO key_value_pair VALUES(13,3,1,"positive co-IP",NULL);
INSERT INTO key_value_pair VALUES(14,3,2,"Late Blight",NULL);
INSERT INTO key_value_pair VALUES(15,3,3,"rEPI10 (expressed in E. coli, affinity purified rEPI10 as a fusion protein with the FLAG tag at the N terminus)",NULL);
INSERT INTO key_value_pair VALUES(16,3,5,"functional test in host: transient expression",NULL);
INSERT INTO key_value_pair VALUES(17,3,6,"Co-IP experiment. rEPI10 incubated with isolated intercellular tomato fluids. Anti-FLAG resin to bind rEPI10 and ppt protein complex. Western blot bands identified with anti-P69 and anti-FLAG.",NULL);
INSERT INTO key_value_pair VALUES(18,3,7,"no data found",NULL);
INSERT INTO key_value_pair VALUES(19,4,1,"positive co-IP",NULL);
INSERT INTO key_value_pair VALUES(20,4,2,"Downy Mildew Of Arabidopsis",NULL);
INSERT INTO key_value_pair VALUES(21,4,3,"HS-HaRxL106",NULL);
INSERT INTO key_value_pair VALUES(22,4,5,"functional test in host: transient expression",NULL);
INSERT INTO key_value_pair VALUES(23,4,6,"coinfiltration in Nb, 48h MOS-GFP IP-ed and co-purifying HS-tagged proteins detected by anti-HA Western blot",NULL);
INSERT INTO key_value_pair VALUES(24,4,7,"no data found",NULL);
INSERT INTO key_value_pair VALUES(25,5,1,"positive co-IP with proteasome inhibitor to prevent GFP-MED19a degradation when HA-HaRxL44 present",NULL);
INSERT INTO key_value_pair VALUES(26,5,2,"Downy Mildew Of Arabidopsis",NULL);
INSERT INTO key_value_pair VALUES(27,5,3,"HA-HaRxL44",NULL);
INSERT INTO key_value_pair VALUES(28,5,5,"functional test in host: transient expression",NULL);
INSERT INTO key_value_pair VALUES(29,5,6,"co-expression of transgenes in Nb leaves delivered by Agrobacterium tumefaciens",NULL);
INSERT INTO key_value_pair VALUES(30,5,7,"no data found",NULL);
INSERT INTO key_value_pair VALUES(31,6,1,"positive co-IP",NULL);
INSERT INTO key_value_pair VALUES(32,6,2,"Downy Mildew Of Arabidopsis",NULL);
INSERT INTO key_value_pair VALUES(33,6,3,"ATR1delta51-Emoy2-Citrine (lacking signal peptide and RXLR motif)",NULL);
INSERT INTO key_value_pair VALUES(34,6,5,"functional test in host: transient expression",NULL);
INSERT INTO key_value_pair VALUES(35,6,6,"Agrobacterium-mediated co-expression by infiltration, tissue collected ~20-24 h post infiltration, co-IP with anti-GFP to ppt ATR1delta51Citrine, Immunoblot detection of RPP1-WsB with Anti-HA. Parallel IP with anti-HA and immuno blot detection with anti-G",NULL);
INSERT INTO key_value_pair VALUES(36,6,7,"hypersensitive response (~20-24 h post infiltration)",NULL);
INSERT INTO key_value_pair VALUES(37,7,1,"positive co-IP",NULL);
INSERT INTO key_value_pair VALUES(38,7,5,"functional test in host: transient expression",NULL);
INSERT INTO key_value_pair VALUES(39,7,6,"Co-IP experiment in Nb.",NULL);
INSERT INTO key_value_pair VALUES(40,8,1,"positive co-IP",NULL);
INSERT INTO key_value_pair VALUES(41,8,5,"functional test in host: transient expression",NULL);
INSERT INTO key_value_pair VALUES(42,8,6,"Co-IP experiment in Nb.",NULL);
INSERT INTO key_value_pair VALUES(43,9,1,"positive Y2H",NULL);
INSERT INTO key_value_pair VALUES(44,9,5,"other",NULL);
INSERT INTO key_value_pair VALUES(45,9,6,"Y2H",NULL);